﻿<?xml version="1.0"?>
<CommunicatorStrings>
	<label rtlFlag="0"/>
	<label ok="OK"/>
	<label cancel="Annuler"/>
	<label apply="Appliquer"/>
	<label applyToAll="Appliquer à tous"/>
	<label verify="Vérifier"/>
	<label yes="Oui"/>
	<label no="Non"/>
	<label yesToAll="Oui à tous"/>
	<label noToAll="Non à tous"/>
	<label abort="Abandon"/>
	<label retry="Réess."/>
	<label error="Erreur"/>
	<label edit="Modif."/>
	<label exit="Quitter"/>
	<label close="Fermer"/>
	<label move="Déplacer"/>
	<label view="Afficher"/>
	<label update="MàJ"/>
	<label help="Aide"/>
	<label about="À propos de Cisco IP Communicator"/>
	<label proceed="Poursuivre"/>
	<label next="Suivant"/>
	<label back="Précédent"/>
	<label show="Afficher Cisco IP Communicator"/>
	<label hide="Masquer Cisco IP Communicator"/>
	<label AGNT_checkAutoUpdate="Recherche de nouvelles mises à jour"/>
	<label finish="Terminer"/>
	<label accept="Accepter"/>
	<label acceptAll="Accepter tout"/>
	<label reject="Rejeter"/>
	<label rejectAll="Rejeter tout"/>
	<label none="Aucun"/>
	<label network="Réseau"/>
	<label user="Utilisateur"/>
	<label java="Java"/>
	<label audio="Audio"/>
	<label advAudio="Paramètres audio avancés"/>
	<label directories="Répertoires "/>
	<label ldapSettings="Paramètres de l'annuaire LDAP"/>
	<label ldapUserName="Nom d'utilisateur :"/>
	<label ldapPassword="Mot de passe :"/>
	<label wave="Wave"/>
	<label kernelStreaming="Kernel Streaming"/>
	<label itu="UIT (Union internationale des télécommunications)"/>
	<label ciscoIPPhone="Téléphone IP Cisco"/>
	<label speakerphone="Haut-parleur"/>
	<label headset="Casque"/>
	<label handset="Combiné"/>
	<label ringer="Sonnerie"/>
	<label hid="Interface homme machine (IHM)"/>
	<label status="État"/>
	<label title="Cisco IP Communicator"/>
	<label autoUpdate="AutoUpdate"/>
	<label skins="Apparences"/>
	<label screenOnly="Écran uniquement"/>
	<label alwaysOnTop="Toujours au-dessus"/>
	<label startPhone="Démarrer le téléphone"/>
	<label stopPhone="Arrêter le téléphone"/>
	<label atwMenu="Assistant de réglage audio"/>
	<label quickSearchMenu="Recherche rapide..."/>
	<label ciscoUserOptions="Options utilisateur Cisco Unified CM"/>
	<label preferences="Préférences..."/>
	<label userGuide="Guide de l'utilisateur"/>
	<label DLG_Settings="Préférences"/>
	<label default="Par défaut"/>
	<label file="Fichier"/>
	<label module="Module"/>
	<label archive="Archiver"/>
	<label progress="Progression"/>
	<label updateType="Type de mise à jour"/>
	<label recommended="Recommandée"/>
	<label required="Nécessaire"/>
	<label statStarting="Démarrage de %s"/>
	<label statInstalling="Installation de %s en cours"/>
	<label statInitializing="Initialisation de %s en cours"/>
	<label statReading="Lecture de %s en cours"/>
	<label statConnectTFTP="Connexion au serveur TFTP"/>
	<label cdpDriver="CDP"/>
	<label questionMark="?"/>
	<label mtDriver="Audio"/>
	<label localSettings="Paramètres locaux"/>
	<label networkSettings="Paramètres réseau"/>
	<label hibernateWarning="Si votre ordinateur se met en veille maintenant, vous allez être déconnecté de votre appel en cours par Cisco IP Communicator. Souhaitez-vous empêcher que votre ordinateur se mette en mode veille ?"/>
	<label closeWarning="Si vous quittez maintenant, vous allez être déconnecté de votre appel en cours par Cisco IP Communicator. Souhaitez-vous continuer ?"/>
	<label configWarning="Si vous modifiez vos préférences maintenant, vous allez être déconnecté de votre appel en cours par Cisco IP Communicator. Souhaitez-vous continuer ?"/>
	<label configError="Un périphérique audio a été supprimé alors qu'un appel était en cours. Cet appel va être déconnecté."/>
	<label undockWarning="Si vous ordinateur est en cours de déconnexion du dock, Cisco IP Communicator va déconnecter votre appel en cours. Voulez-vous vraiment déconnecter votre ordinateur ?"/>
	<label endSessionWarning="Si vous fermez votre session Windows maintenant, vous allez être déconnecté de votre appel en cours par Cisco IP Communicator. Souhaitez-vous continuer ?"/>
	<label INF_infoCaption="Cisco IP Communicator - Informations"/>
	<label INF_TFTPRestart="Impossible de redémarrer Cisco IP Communicator.  Vous devez redémarrer l'application manuellement."/>
	<label needReboot="Cisco IP Communicator a installé un nouveau logiciel qui nécessite un redémarrage de votre ordinateur afin de terminer l'installation"/>
	<label fetchingDirectories="Extraction des informations de l'annuaire LDAP"/>
	<label fetchingDialingRules="Extraction des règles de composition"/>
	<label restartForLocaleChange="Vous devez redémarrer Communicator pour que le changement de langue soit pris en compte"/>
	<label copyright="Copyright © 2004-2011 Cisco Systems, Inc. Tous droits réservés."/>
	<label copyrightSplash="© 2011 Cisco Systems, Inc. Tous droits réservés. Les informations concernant l'importation, l'utilisation et la fourniture du déchiffrement sont disponibles dans le menu Aide sur 'A propos de Ciso IP Communicator' "/>
	<label versionSplash="Version "/>
	<label versionCdp="Version du pilote CDP :"/>
	<label versionCpmt="Version du moteur :"/>
	<label Notices="Avis et dédits de responsabilité:"/>
	<label NoticesText="***AVIS IMPORTANT - A LIRE ATTENTIVEMENT***&#13;&#10;&#13;&#10;En cas d'urgence, la technologie de téléphone logiciel risque de ne pas fournir des données précises et adéquates sur votre emplacement en cas d'utilisation pour un appel d'urgence. Les appels risquent d'être dirigés vers le mauvais centre d'intervention d'urgence, ou le centre d'intervention d'urgence risque de faire des erreurs lors de la détermination de votre emplacement. UTILISEZ UN TELEPHONE LOGICIEL À VOS PROPRES RISQUES EN CAS D'URGENCE. Cisco ne pourra être tenu responsable des éventuels retards ou erreurs qui résulteront d'une telle utilisation.&#13;&#10;&#13;&#10;&#13;&#10;***AVIS DE CONTENU FORTEMENT CHIFFRÉ***&#13;&#10;&#13;&#10;Ce produit contient des fonctions de chiffrement et est soumis aux lois des États-Unis et d’autres pays, qui en régissent l'importation, l'exportation, le transfert et l'utilisation. La fourniture de produits de chiffrement Cisco n'implique pas le droit d'un tiers à importer, exporter, distribuer ou utiliser le chiffrement. Les importateurs, exportateurs, distributeurs  et utilisateurs ont la responsabilité de respecter les lois américaines et celles d’autres pays.  En utilisant ce produit, vous vous engagez à respecter les lois et réglementations applicables.  Si vous n'êtes pas en mesure de respecter les lois américaines et celle d’autres pays, renvoyez-nous ce produit immédiatement.&#13;&#10;&#13;&#10;&#13;&#10;Vous trouverez un récapitulatif des lois américaines régissant les produits de chiffrement Cisco à l'adresse suivante :&#13;&#10;&#13;&#10;http://www.cisco.com/wwl/export/crypto/tool/stqrg.html&#13;&#10;&#13;&#10;Si vous avez besoin d'aide supplémentaire, envoyez-nous un e-mail à l'adresse export@cisco.com.&#13;&#10;&#13;&#10;&#13;&#10;***AVIS SUR L'OUTIL GENERATION DE RAPPORTS***&#13;&#10;&#13;&#10;L'outil de génération de rapports (OGR) va collecter des journaux de votre ordinateur ; ces journaux pourront comprendre des informations de contact, du contenu de messages instantanés, des numéros de téléphone et d'autres informations pouvant servir à identifier personnellement des individus (vous-même ou d'autres personnes). Ces informations sont requises par le processus de diagnostic pour déterminer la cause du problème technique que vous avez signalé. Les journaux pourront être transférés au-delà des frontières et stockés temporairement dans le cadre du processus de diagnostic. En utilisant l'outil OGR, vous acceptez de fournir les journaux à Cisco afin que Cisco puisse résoudre les éventuels problèmes techniques à l'aide de Cisco IP Communicator. "/>
		
	<label ERR_alreadyRunning="Cisco IP Communicator est déjà en cours d'exécution"/>
	<label ERR_exception="Exception"/>
	<label ERR_exceptionCaption="Communicator - Erreur d'exception"/>
	<label ERR_notDib="Il y a un problème avec le fichier d'apparence actuel : le fichier bitmap n'est pas au format DIB"/>
	<label ERR_notOS2Supported="Il y a un problème avec le fichier d'apparence actuel : le format Bitmap OS2 n'est pas pris en charge"/>
	<label ERR_invalidSkin="Le fichier d'apparence actuel est incorrect"/>
	<label ERR_invalidButton="Le fichier d'apparence actuel contient un bouton incorrect"/>
	<label ERR_noStreamDev="Aucun périphérique audio compatible n'est installé sur cet ordinateur. Cliquez sur 'OK' pour quitter."/>
	<label ERR_noRingDev="Aucun périphérique audio compatible n'est installé sur cet ordinateur. Cliquez sur 'OK' pour quitter."/>
	<label ERR_noNetworkDev="Aucune interface réseau compatible n'est installée sur cet ordinateur. Veuillez en installer une."/>
	<label ERR_noJVM="Le chemin de JVM n'a pas été configuré. JVM ne peut pas être exécuté en mode DÉBOGAGE."/>
	<label ERR_invokeJVM="Impossible d'invoquer JVM - JNI_CreateJavaVM()"/>
	<label ERR_noVenderInfo="Le fichier de configuration ne contient aucune information sur le fabricant"/>
	<label ERR_mismatchMAC="L'interface réseau que vous avez choisie pour vous enregistrer auprès de Cisco CallManager est manquante ou désactivée. Si vous l'avez supprimée volontairement, cliquez sur 'OK' et choisissez une autre interface. Sinon, cliquez sur 'Annuler' pour quitter."/>
	<label ERR_mismatchVPN="L'adresse IP de l'interface réseau que vous avez sélectionnée pour les données audio est incorrecte. Cliquez sur 'OK' pour choisir une autre interface ou 'Annuler' pour quitter."/>
	<label ERR_noNetAdapterCC="Veuillez sélectionner une interface réseau pour vous enregistrer auprès de Cisco CallManager. Une interface a été sélectionnée par défaut."/>
	<label ERR_deviceNameLength="Nom de périphérique incorrect.  Le nom de périphérique ne doit pas contenir plus de 15 caractères et doit contenir les caractères [a-z A-Z 0-9._-]" />
	<label ERR_noNetAdapterVPN="Sélectionnez une interface réseau pour les données audio."/>
	<label ERR_noTFTPServer="Impossible de joindre le serveur TFTP."/>
	<label ERR_cannotReadSettings="Impossible de lire les paramètres"/>
	<label ERR_networkAdaptorAbsent="Impossible de trouver l'adaptateur réseau nécessaire à l'enregistrement"/>
	<label ERR_badHostNameSpecified="Nom d'hôte incorrect spécifié dans les préférences"/>
	<label ERR_badNetworkInterfaceSpecified="Interface réseau incorrecte spécifiée dans les préférences"/>
	<label ERR_cannotInitializeGraphics="Impossible d'initialiser l'écran"/>
	<label ERR_cannotInitializeMedia="Impossible d'initialiser le support"/>
	<label ERR_cannotStartCdp="Impossible d'initialiser la prise en charge du service Cisco Emergency Responder. Consultez votre administrateur système."/>
	<label ERR_cannotInitializeKeyboard="Impossible d'initialiser le mappage des touches"/>
	<label ERR_cannotInitializeGUI="Impossible d'initialiser l'interface utilisateur graphique"/>
	<label ERR_cannotAutoUpdate="Impossible de rechercher les mises à jour"/>
	<label ERR_invalidDeviceLoad="Chargement d'un périphérique non valide"/>
	<label ERR_wrongAutoUpdatePath="Le chemin AutoUpdate  suivant n'est pas pris en charge :"/>
	<label ERR_invalidPortRange="La plage de ports spécifiée est incorrecte. Elle doit être comprise entre 1 et 65536. Entrez une autre valeur et cliquez sur 'OK'."/>
	<label ERR_cannotLaunchCVTA="Impossible de lancer Cisco Unified Video Advantage."/>
	<label ERR_cvtaNotFound="Vous devez utiliser Cisco Unified Video Advantage version 2.0(1) ou version ultérieure."/>
	<label ERR_checkDevicePreferences="Vérifiez que les préférences de périphérique audio sont correctes à l'aide de l'Assistant de réglage audio ou du menu Préférences."/>	
	<label ERR_invalidTFTPServer="L'adresse du serveur TFTP contient un champ vide."/>
	<label ERR_invalidAudioIP="L'adresse IP audio contient un champ vide."/>

	<label DLG_ND_Label="Entrez le nom ou le numéro à composer"/>
	<label DLG_ND_MessageNone="Aucun résultat ne correspond à votre recherche"/>
	<label DLG_ND_MessageOne="Un résultat correspond à votre recherche"/>
	<label DLG_ND_Message25="Plusieurs résultats correspondent à votre recherche. La liste est affichée ci-dessous."/>
	<label DLG_ND_Message25p="Plusieurs résultats correspondent à votre recherche. Vous trouverez ci-dessous la liste des %d premiers résultats. Affinez votre recherche pour obtenir des résultats plus pertinents."/>
	<label DLG_ND_MultipleMatches="Plusieurs résultats correspondent à votre recherche"/>
	<label DLG_ND_TooManyMatches="Résultats de recherche trop nombreux"/>
	<label DLG_ND_RefineSearch="Les %d premiers éléments sont affichés. Vous pouvez peut-être affiner votre recherche."/>
	<label DLG_ND_QuickSearch="Recherche rapide"/>
	<label DLG_ND_QuickDial="Composition rapide"/>
	<label DLG_ND_Search="Rechercher"/>
	<label DLG_ND_Dial="Sélectionner"/>
	<label DLG_ND_First="Nom"/>
	<label DLG_ND_Last ="Prénom,"/>
	<label DLG_ND_EMail="E-mail"/>
	<label DLG_ND_Number="Numéro"/>
	<label DLG_ND_Mobile="Mobile"/>
	<label DLG_ND_ThereWereErrors="Des erreurs ont été détectées"/>
	<label DLG_ND_Label="Rechercher..."/>
	<label ERR_ND_NoSearchBase="Vous n'avez pas spécifié la base de recherche LDAP"/>
	<label ERR_ND_NoUserName="Erreur d'authentification LDAP : vous n'avez pas spécifié de nom d'utilisateur"/> 
	<label ERR_ND_ConnectFailed="Impossible d'ouvrir la connexion LDAP au serveur"/>
	<label ERR_ND_AuthFailed="La connexion a échoué. Vérifiez le nom d'utilisateur/mot de passe"/>
	<label ERR_ND_FileError="Une erreur de fichier s'est produite lors de l'écriture des résultats LDAP"/>
	<label ERR_ND_NoSelection="Vous n'avez choisi aucun élément"/>
	<label ERR_ND_NoPhoneNumbers="Aucun numéro de téléphone n'a pu être trouvé dans l'entrée sélectionnée"/>

	<label DLG_ChoosePhoneNumber="Choisir un numéro de téléphone"/>
	<label DLG_CPN_Message="Plusieurs numéros de téléphone correspondent à votre recherche.  Veuillez sélectionner le numéro à composer."/>

	<label DLG_NW_TFTPServerGroup="Serveurs TFTP"/>
	<label DLG_NW_ConnConfig="Paramètres CallManager"/>
	<label DLG_NW_AutoTftp="Utiliser les serveurs TFTP par défaut"/>
	<label DLG_NW_CustomTftp="Utiliser les serveurs TFTP suivants :"/>
	<label DLG_NW_TFTP1="Serveur TFTP 1 :"/>
	<label DLG_NW_TFTP2="Serveur TFTP 2 :"/>
	<label DLG_NW_DeviceNameGroup="Nom du périphérique"/>
	<label DLG_NW_DeviceName="Nom du périphérique :"/>
	<label DLG_NW_NetAdapter="Adaptateur réseau :"/>
	<label DLG_NW_RadioNetAdapter="Utiliser l'adaptateur réseau pour générer le nom de périphérique"/>
	<label DLG_NW_RadioUseDeviceName="Utiliser ce nom de périphérique"/>
	<label DLG_NW_StaticUseThisDeviceName="Utiliser ce nom de périphérique :"/>

	<label DLG_Audio_Use729="Optimiser pour une bande passante étroite"/>
	<label DLG_Audio_UseDefaultDevices="Utiliser les périphériques Windows par défaut"/>
	<label DLG_Audio_Advanced="Avancés..."/>
	<label DLG_Audio_Network="Réseau..."/>
	<label DLG_Audio_Selections="Périphériques pour les modes audio"/>
	<label DLG_Ringer_Selection="Périphérique pour la sonnerie"/>

	<label DLG_AdvancedAudioSettings="Paramètres audio avancés"/>
	<label DLG_AudioAdv_Sidetone="Volume de l'effet local"/>
	<label DLG_AudioAdv_EnableSidetone="Activer l'effet local"/>
	<label DLG_AudioAdv_Slider="-                        0                       +"/>
	<label DLG_AudioAdv_Microphone="Amplificateur de volume du microphone"/>
	<label DLG_AudioAdv_Filters="Filtres"/>
	<label DLG_AudioAdv_Mode="Mode :"/>
	<label DLG_AudioAdv_PlayFilter="Écoute :"/>
	<label DLG_AudioAdv_RecordFilter="Conversation :"/>
	<label DLG_AudioAdv_LimitVolume="Volume maximum"/>
	<label DLG_AudioAdv_AudioLatency="Qualité et performances audio"/>
	<label DLG_AudioAdv_AudioLatencyLow="Supérieures (délai peu important)"/>
	<label DLG_AudioAdv_AudioLatencyMedium="Très bonnes (délai moyen)"/>
	<label DLG_AudioAdv_AudioLatencyHigh="Bonnes (délai important)"/>
	<label DLG_AudioAdv_SilenceSuppression="Suppression des silences"/>
	<label DLG_AudioAdv_SsDisabled="Désactivée (non recommandé)"/>
	<label DLG_AudioAdv_NoiseSuppression="Suppression du bruit"/>
	<label DLG_AudioAdv_Aggressiveness="Niveaux d'agressivité"/>
	<label DLG_AudioAdv_AggressivenessLeast="Minimum"/>
	<label DLG_AudioAdv_AggressivenessMedium="Moyen"/>
	<label DLG_AudioAdv_AggressivenessMost="Maximum"/>
	<label DLG_AudioAdv_AggressivenessLow="Faible"/>
	<label DLG_AudioAdv_AggressivenessModerate="Modérer"/>
	<label DLG_AudioAdv_AggressivenessHigh="Élevé"/>
	<label DLG_AudioAdv_AggressivenessVeryHigh="Très élevé"/>

	<label DLG_AudioAdv_AGC="Commande automatique de gain"/>
	<label DLG_AudioAdv_EC="Suppression d'écho"/>
	<label DLG_AudioAdv_Enabled="Activé"/>
	<label DLG_AudioAdv_Disabled="Désactivé"/>
	<label DLG_AudioAdv_Auto="Automatique"/>
	<label DLG_AudioAdv_Analog="Analogique"/>
	<label DLG_AudioAdv_Digital="Numérique"/>
	<label DLG_AudioAdv_Both="Les deux"/>
	<label DLG_AudioAdv_Cancellation="Annulation"/>
	<label DLG_AudioAdv_Suppression="Suppression"/>
	<label DLG_AudioAdv_UseInput="Utilisée la valeur saisie"/>

	<label DLG_NWA="Paramètres audio réseau"/>
	<label DLG_NWA_AudioIP="Adresse IP audio"/>
	<label DLG_NWA_AutoDetectIP="Détecter automatiquement"/>
	<label DLG_NWA_SelectInterface="Utiliser cette adresse pour l'adaptateur :"/>
	<label DLG_NWA_UseThisIP="Utiliser cette adresse :"/>
	<label DLG_NWA_PortRange="Plage de ports audio"/>
	<label DLG_NWA_AutoSelectPort="Utiliser la plage de ports par défaut"/>
	<label DLG_NWA_SpecifyPort="Utiliser cette plage de ports :"/>
	<label DLG_NWA_PortFrom="De :"/>
	<label DLG_NWA_PortTo="À :"/>

	<label DLG_USR_usrInfo="Infos utilisateur"/>
	<label DLG_USR_usrID="Nom d'utilisateur :"/>
	<label DLG_USR_password="Mot de passe :"/>
	<label DLG_USR_usrInput="Saisie de l'utilisateur"/>
	<label DLG_USR_usbHandset="Combiné USB :"/>
	<label DLG_USR_trace="Dépannage"/>
	<label DLG_USR_traceEnable="Activer la journalisation"/>
	<label DLG_USR_CloseHidesApp="Fermer masque l'application"/>
	<label DLG_USR_BringToFront="Ramener au premier plan lors d'un appel actif"/>
	<label DLG_USR_DisableToast="Masquer la notification d'appel entrant"/>
	<label DLG_USR_EnableAnswerHotkey="Activer le raccourci clavier pour la  réponse"/>
	<label DLG_USR_UserOptionsGroup="Adresse de la page des options utilisateur Cisco Unified CM"/>
	<label DLG_USR_AutoUserOptions="Utiliser par défaut (Serveur TFTP)"/>
	<label DLG_USR_SpecifyUserOptions="utiliser une URL spécifique"/>

	<label SKINS_Main_MessageWaiting="Message en attente"/>
	<label SKINS_ButtonSets_Close="Fermer"/>
	<label SKINS_ButtonSets_Minimize="Réduire"/>
	<label SKINS_ButtonSets_Mode="Mode"/>
	<label SKINS_ButtonSets_Menu="Menu"/>
	<label SKINS_lines_Line1="Ligne 1"/>
	<label SKINS_lines_Line2="Ligne 2"/>
	<label SKINS_lines_Line3="Ligne 3"/>
	<label SKINS_lines_Line4="Ligne 4"/>
	<label SKINS_lines_Line5="Ligne 5"/>
	<label SKINS_lines_Line6="Ligne 6"/>
	<label SKINS_lines_Line7="Ligne 7"/>
	<label SKINS_lines_Line8="Ligne 8"/>
	<label SKINS_keypad_One="Un"/>
	<label SKINS_keypad_Two="Deux"/>
	<label SKINS_keypad_Three="Trois"/>
	<label SKINS_keypad_Four="Quatre"/>
	<label SKINS_keypad_Five="Cinq"/>
	<label SKINS_keypad_Six="Six"/>
	<label SKINS_keypad_Seven="Sept"/>
	<label SKINS_keypad_Eight="Huit"/>
	<label SKINS_keypad_Nine="Neuf"/>
	<label SKINS_keypad_Star="Étoile"/>
	<label SKINS_keypad_Zero="Zéro"/>
	<label SKINS_keypad_Pound="Dièse"/>
	<label SKINS_softkeys_Softkey1="Touche 1"/>
	<label SKINS_softkeys_Softkey2="Touche 2"/>
	<label SKINS_softkeys_Softkey3="Touche 3"/>
	<label SKINS_softkeys_Softkey4="Touche 4"/>
	<label SKINS_softkeys_Softkey5="Touche 5"/>
	<label SKINS_features_Messages="Messages"/>
	<label SKINS_features_Services="Services"/>
	<label SKINS_features_Settings="Paramètres"/>
	<label SKINS_features_Directories="Répertoires"/>
	<label SKINS_features_Information="Aide"/>
	<label SKINS_controls_Headset="Casque"/>
	<label SKINS_controls_Mute="Couper/rétablir le micro"/>
	<label SKINS_controls_Speaker="Haut-parleur"/>
	<label SKINS_controls_VolumeDown="Diminuer le volume"/>
	<label SKINS_controls_VolumeUp="Augmenter le volume"/>
	<label SKINS_navigation_Navigation="Navigation"/>
	<label SKINS_navigation_Up="Haut"/>
	<label SKINS_navigation_Down="Bas"/>
	<label SKINS_navigation_Left="Gauche"/>
	<label SKINS_navigation_Right="Droite"/>

	<label DLG_AUDIO_LatencyOptimization="Optimisation de la latence"/>
	<label DLG_AUDIO_LowDelay="Délai peu important"/>
	<label DLG_AUDIO_MediumDelay="Délai moyen"/>
	<label DLG_AUDIO_HighDelay="Délai important"/>
	<label DLG_AUDIO_VeryHighDelay="Délai très important"/>
	<label DLG_AUDIO_LowestLatency="Niveau de latence le plus faible"/>
	<label DLG_AUDIO_HighestLatency="Niveau de latence le plus élevé"/>
	<label DLG_AUDIO_Default="Paramètre par défaut"/>
	<label DLG_AUDIO_Recommended="Il est recommandé d'utiliser d'abord les valeurs de paramètres les plus faibles, et de passer à une valeur plus élevée le cas échéant."/>
	<label DLG_AUDIO_Speaker="Haut-parleur"/>	
	<label DLG_AUDIO_Mic="Microphone"/>
	<label DLG_AUDIO_SpeakerBuffer="Nombre de tampons de haut-parleur"/>
	<label DLG_AUDIO_MicBuffer="Nombre de tampons de microphone"/>

	<label DLG_TRACE_Tracing="Traçage"/>
	<label DLG_TRACE_GUI="Interface utilisateur graphique (IUG)"/>
	<label DLG_TRACE_CallControl="Contrôle d'appel"/>
	<label DLG_TRACE_Media="Audio"/>
	<label DLG_TRACE_CDP="CDP"/>
	<label DLG_TRACE_ATW="Assistant de réglage audio"/>
	<label DLG_TRACE_R2d="Activer l'écran du téléphone"/>
	<label DLG_TRACE_Levels="Niveaux de trace"/>
	<label DLG_TRACE_Errors="Erreurs"/>
	<label DLG_TRACE_Detailed="En détail"/>
	<label DLG_TRACE_Low="Faible"/>
	<label DLG_TRACE_Med="Moyen"/>
	<label DLG_TRACE_High="Élevé"/>
	<label DLG_TRACE_All="Tt"/>

	<label DLG_L10N_Language="Langue"/>
	<label DLG_L10N_Locale="Paramètres régionaux"/>

	<label ChangeInterfaceWarningText="Le fait de changer d'interface réseau risque d'interrompre le fonctionnement de Cisco IP Communicator.  Renseignez-vous auprès de votre administrateur système avant de modifier ce paramètre."/>
	<label ChangeInterfaceWarningCaption="Avertissement"/>

	<label ChangeProtocolWarningText="Le protocole de contrôle des appels de ce périphérique a changé. Cliquez sur OK pour redémarrer Cisco IP Communicator."/>
	<label JPhoneStartupErrorText="Cisco IP Communicator n'a pas pu initialiser l'application téléphonique et va être fermé. Voulez-vous redémarrer Cisco IP Communicator ?"/>
	<label AutoUpdateNeedUpdatesText="Mises à jour disponibles pour Cisco IP Commnunicator. L'application doit être fermée pendant le processus de mise à jour. Voulez-vous poursuivre la mise à jour ?"/>

	<label CheckingLocaleUpdates="Recherche de changements de langue..."/>

<!-- ETOUCH -->
	<label Paste="Coller"/>
	<label AnswerCall="Répondre"/>
	<label IgnoreCall="Ignorer"/>
	<label UnknownCaller="Inconnu"/>
<!-- ETOUCH -->
	<SkinLocMap>
		<entry file="Default" name="Mode par défaut" />
		<entry file="Mercurio" name="Mode compact" />
	</SkinLocMap>

</CommunicatorStrings>