<?xml version="1.0"?>

<ErrorReportStrings>
	
	<label ok			="OK"/>
	<label exit			="Quitter"/>
	<label cancel			="Annuler"/>
	<label errorHeading		="Erreur"/>
	<label stackTrace		="Trace de la pile"/>
	<label viewStackTrace		="Afficher la trace de la pile"/>

	<label name			="Nom"/>
	<label extension		="Module d'extension de Cisco IP Communicator"/>
	<label problemTime		="Heure à laquelle le problème est survenu"/>
	<label problemDetails		="Informations sur le problème"/>
	<label specifyAllFields		="Veuillez compléter tous les champs"/>

	<label ERT_usageString			="UTILISATION&#13;=======&#13;AutoUpdate parameterName1=&lt;parameterValue1&gt; parameterName2=&lt;parameterValue2&gt; ...&#13;&#13;PARAMÈTRES :&#13;Obligatoires : httpServer/tftpServer, installFolder, manifestFile&#13;Les paramètres facultatifs sont mode, waitWindow et postUpdateScript&#13;L'ordre et la casse des paramètres ne sont pas pris en compte&#13;&#13;Ex. :&#13;AutoUpdate httpServer=http://www.webserver.com/Communicator installFolder=&quot;D:\Program Files\ACME Systems\ACME Studio&quot; mode=install waitWindow=&quot;ACME Studio&quot; postUpdateScript=Notepad.exe"/>
	<label ERT_errorTitle			="Outil de génération de rapports d'erreurs - Erreur"/>
	<label ERT_endMessage			="L'Outil de génération de rapports d'erreurs a collecté les informations nécessaires&#13;L'emplacement est indiqué ci-dessous&#13;Supprimez ce fichier lorsque vous n'aurez plus besoin de ces informations"/>
	<label ERT_gatheringSystemInfo		="Collecte des informations système..."/>
	<label ERT_gatheringAppConfig		="Collecte des paramètres de configuration de l'application..."/>
	<label ERT_gatheringAppLogs		="Collecte des journaux de l'application..."/>
	<label ERT_gatheringInstallLogs		="Collecte des journaux d'installation..."/>
	<label ERT_gatheringAutoUpdateLogs	="Collecte des journaux AutoUpdate..."/>
	<label ERT_gatheringCrashDumpLogs	="Collecte des journaux de vidages sur incidents..."/>
	<label ERT_logsGathered			="Collecte des informations terminée"/>
	<label ERT_enterProblemDescription	="Entrer la description du problème ci-dessous"/>
	<label ERT_windowTitle			="Rapport d'erreurs Cisco IP Communicator"/>
	<label ERT_unableToZip			="Impossible de compresser les fichiers nécessaires"/>
	<label ERT_unableToChangeDirectory	="Impossible de placer le répertoire dans le dossier suivant"/>
	<label ERT_unableToCopyFiles		="Impossible de copier les fichiers suivants"/>
	<label ERT_SoftPhoneSENotFound		="Installation de Cisco IP Communicator introuvable&#13;Vérifiez que l'application est correctement installée"/>
	<label ERT_RemoveConfig			="Supprimer la configuration actuelle ?"/>
	<label ERT_RemoveLogs			="Supprimer les journaux existants ?"/>
	<label ERT_RemoveAction			="Retrait en cours..."/>
	<label ERT_DeleteAction			="Suppression en cours..."/>

</ErrorReportStrings>
